FECHA;positivos;nue_posi;muj_posi;hom_posi;extranj_posi;costar_posi;investig_posi;adul_posi;am_posi;menor_posi;fallecidos;nue_falleci;muj_fall;hom_fall;RECUPERADOS;NUE_RECUP;DIA_COVID19;activos;letalidad;por_recup;por_activ
10/3/2020;13;1;7;6;3;10;0;9;2;2;0;0;0;0;0;0;4;13;0;0;100
11/3/2020;22;9;14;8;3;19;0;18;2;2;0;0;0;0;0;0;5;22;0;0;100
12/3/2020;23;1;14;9;3;20;0;19;2;2;0;0;0;0;0;0;6;23;0;0;100
13/3/2020;26;3;14;12;3;23;0;21;3;2;0;0;0;0;0;0;7;26;0;0;100
14/3/2020;27;1;15;12;4;23;0;22;3;2;0;0;0;0;0;0;8;27;0;0;100
15/3/2020;35;8;19;16;5;30;0;28;3;4;0;0;0;0;0;0;9;35;0;0;100
16/3/2020;41;6;20;21;6;35;0;32;5;4;0;0;0;0;0;0;10;41;0;0;100
17/3/2020;50;9;24;26;6;44;0;40;6;4;0;0;0;0;0;0;11;50;0;0;100
18/3/2020;69;19;30;39;6;63;0;57;7;5;0;0;0;0;0;0;12;69;0;0;100
19/3/2020;87;18;35;52;8;79;0;73;7;7;1;1;0;1;0;0;13;86;1,15;0;98,85
20/3/2020;113;26;46;67;9;104;0;97;9;7;2;1;0;2;0;0;14;111;1,77;0;98,23
21/3/2020;117;4;48;69;10;107;0;100;10;7;2;0;0;2;2;2;15;113;1,71;1,71;96,58
22/3/2020;134;17;55;79;17;117;0;113;14;7;2;0;0;2;2;0;16;130;1,49;1,49;97,01
23/3/2020;158;24;68;90;17;141;0;135;16;7;2;0;0;2;2;0;17;154;1,27;1,27;97,47
24/3/2020;177;19;74;103;18;159;0;154;16;7;2;0;0;2;2;0;18;173;1,13;1,13;97,74
25/3/2020;201;24;84;117;18;183;0;177;17;7;2;0;0;2;2;0;19;197;1;1;98,01
26/3/2020;231;30;101;130;18;209;4;204;19;8;2;0;0;2;2;0;20;227;0,87;0,87;98,27
27/3/2020;263;32;121;142;20;241;2;233;22;8;2;0;0;2;3;1;21;258;0,76;1,14;98,1
28/3/2020;295;32;138;157;21;272;2;263;22;10;2;0;0;2;3;0;22;290;0,68;1,02;98,31
29/3/2020;314;19;150;164;24;290;0;280;22;12;2;0;0;2;3;0;23;309;0,64;0,96;98,41
30/3/2020;330;16;160;170;27;303;0;293;24;13;2;0;0;2;4;1;24;324;0,61;1,21;98,18
31/3/2020;347;17;167;180;27;320;0;309;24;14;2;0;0;2;4;0;25;341;0,58;1,15;98,27
1/4/2020;375;28;181;194;29;346;0;337;24;14;2;0;0;2;4;0;26;369;0,53;1,07;98,4
2/4/2020;396;21;192;204;30;366;0;356;26;14;2;0;0;2;6;2;27;388;0,51;1,52;97,98
3/4/2020;416;20;201;215;31;385;0;373;27;16;2;0;0;2;11;5;28;403;0,48;2,64;96,88
4/4/2020;435;19;212;223;31;404;0;392;28;15;2;0;0;2;13;2;29;420;0,46;2,99;96,55
5/4/2020;454;19;222;232;31;423;0;411;28;15;2;0;0;2;16;3;30;436;0,44;3,52;96,04
6/4/2020;467;13;227;240;32;435;0;422;29;16;2;0;0;2;18;2;31;447;0,43;3,85;95,72
7/4/2020;483;16;237;246;34;449;0;437;29;17;2;0;0;2;24;6;32;457;0,41;4,97;94,62
8/4/2020;502;19;243;259;34;468;0;455;29;18;2;0;0;2;29;5;33;471;0,4;5,78;93,82
9/4/2020;539;37;259;280;34;505;0;492;29;18;3;1;0;3;30;1;34;506;0,56;5,57;93,88
10/4/2020;558;19;269;289;34;524;0;508;30;20;3;0;0;3;42;12;35;513;0,54;7,53;91,94
11/4/2020;577;19;277;300;36;541;0;526;31;20;3;0;0;3;49;7;36;525;0,52;8,49;90,99
12/4/2020;595;18;285;310;38;557;0;542;31;22;3;0;0;3;56;7;37;536;0,5;9,41;90,08
13/4/2020;612;17;295;317;43;569;0;557;31;24;3;0;0;3;62;6;38;547;0,49;10,13;89,38
14/4/2020;618;6;298;320;43;575;0;562;31;25;3;0;0;3;66;4;39;549;0,49;10,68;88,83
15/4/2020;626;8;302;324;43;583;0;570;31;25;4;1;0;4;67;1;40;555;0,64;10,7;88,66
16/4/2020;642;16;308;334;51;591;0;583;31;28;4;0;0;4;74;7;41;564;0,62;11,53;87,85
17/4/2020;649;7;312;337;54;595;0;588;31;30;4;0;0;4;88;14;42;557;0,62;13,56;85,82
18/4/2020;655;6;314;341;55;600;0;594;31;30;4;0;0;4;97;9;43;554;0,61;14,81;84,58
19/4/2020;660;5;317;343;56;604;0;596;32;32;4;0;0;4;112;15;44;544;0,61;16,97;82,42
20/4/2020;662;2;317;345;56;606;0;598;32;32;6;2;0;6;124;12;45;532;0,91;18,73;80,36
21/4/2020;669;7;320;349;58;611;0;602;33;34;6;0;0;6;150;26;46;513;0,9;22,42;76,68
22/4/2020;681;12;326;355;65;616;0;613;34;34;6;0;0;6;180;30;47;495;0,88;26,43;72,69
23/4/2020;686;5;328;358;67;619;0;617;35;34;6;0;0;6;196;16;48;484;0,87;28,57;70,55
24/4/2020;687;1;328;359;67;620;0;618;35;34;6;0;0;6;216;20;49;465;0,87;31,44;67,69
25/4/2020;693;6;333;360;67;626;0;624;35;34;6;0;0;6;242;26;50;445;0,87;34,92;64,21
26/4/2020;695;2;334;361;67;628;0;625;36;34;6;0;0;6;264;22;51;425;0,86;37,99;61,15
27/4/2020;697;2;334;363;69;628;0;626;36;35;6;0;0;6;287;23;52;404;0,86;41,18;57,96
28/4/2020;705;8;336;369;69;636;0;632;38;35;6;0;0;6;306;19;53;393;0,85;43,4;55,74
29/4/2020;713;8;340;373;71;642;0;638;38;37;6;0;0;6;323;17;54;384;0,84;45,3;53,86
30/4/2020;719;6;341;378;72;647;0;643;38;38;6;0;0;6;338;15;55;375;0,83;47,01;52,16
1/5/2020;725;6;346;379;74;651;0;649;38;38;6;0;0;6;355;17;56;364;0,83;48,97;50,21
2/5/2020;733;8;351;382;76;657;0;655;38;40;6;0;0;6;372;17;57;355;0,82;50,75;48,43
3/5/2020;739;6;352;387;79;660;0;661;38;40;6;0;0;6;386;14;58;347;0,81;52,23;46,96
4/5/2020;742;3;352;390;79;663;0;664;38;40;6;0;0;6;399;13;59;337;0,81;53,77;45,42
5/5/2020;755;13;352;403;91;664;0;677;38;40;6;0;0;6;413;14;60;336;0,79;54,7;44,5
6/5/2020;761;6;356;405;91;670;0;682;38;41;6;0;0;6;428;15;61;327;0,79;56,24;42,97
7/5/2020;765;4;358;407;92;673;0;686;38;41;6;0;0;6;445;17;62;314;0,78;58,17;41,05
8/5/2020;773;8;364;409;94;679;0;693;39;41;6;0;0;6;461;16;63;306;0,78;59,64;39,59
9/5/2020;780;7;367;413;98;682;0;699;40;41;6;0;0;6;480;19;64;294;0,77;61,54;37,69
10/5/2020;792;12;369;423;106;686;0;709;41;42;6;0;0;6;501;21;65;285;0,76;63,26;35,98
11/5/2020;801;9;373;428;113;688;0;718;41;42;7;1;0;7;517;16;66;277;0,87;64,54;34,58
12/5/2020;804;3;374;430;113;691;0;720;41;43;7;0;0;7;520;3;67;277;0,87;64,68;34,45
13/5/2020;815;11;377;438;120;695;0;730;41;44;7;0;0;7;527;7;68;281;0,86;64,66;34,48
14/5/2020;830;15;380;450;128;702;0;744;41;45;8;1;0;8;535;8;69;287;0,96;64,46;34,58
15/5/2020;843;13;384;459;131;712;0;751;43;49;8;0;0;8;542;7;70;293;0,95;64,29;34,76
16/5/2020;853;10;387;466;136;717;0;758;43;52;10;2;1;9;551;9;71;292;1,17;64,6;34,23
17/5/2020;863;10;393;470;138;725;0;768;43;52;10;0;1;9;565;14;72;288;1,16;65,47;33,37
18/5/2020;866;3;395;471;140;726;0;771;43;52;10;0;1;9;575;10;73;281;1,15;66,4;32,45
19/5/2020;882;16;405;477;147;735;0;782;45;55;10;0;1;9;577;2;74;295;1,13;65,42;33,45
20/5/2020;897;15;414;483;155;742;0;797;45;55;10;0;1;9;582;5;75;305;1,11;64,88;34
21/5/2020;903;6;417;486;158;745;0;802;46;55;10;0;1;9;592;10;76;301;1,11;65,56;33,33
22/5/2020;911;8;421;490;160;751;0;807;48;56;10;0;1;9;600;8;77;301;1,1;65,86;33,04
23/5/2020;918;7;425;493;161;757;0;811;49;58;10;0;1;9;607;7;78;301;1,09;66,12;32,79
24/5/2020;930;12;432;498;164;766;0;816;50;64;10;0;1;9;620;13;79;300;1,08;66,67;32,26
25/5/2020;951;21;444;507;173;778;0;833;51;67;10;0;1;9;628;8;80;313;1,05;66,04;32,91
26/5/2020;956;5;446;510;173;783;0;838;51;67;10;0;1;9;634;6;81;312;1,05;66,32;32,64
27/5/2020;984;28;459;525;180;804;0;854;52;78;10;0;1;9;639;5;82;335;1,02;64,94;34,04
28/5/2020;1000;16;470;530;183;817;0;867;53;80;10;0;1;9;646;7;83;344;1;64,6;34,4
29/5/2020;1022;22;480;542;192;830;0;883;55;84;10;0;1;9;653;7;84;359;0,98;63,89;35,13
30/5/2020;1047;25;491;556;206;841;0;905;55;87;10;0;1;9;658;5;85;379;0,96;62,85;36,2
31/5/2020;1056;9;495;561;209;847;0;911;56;89;10;0;1;9;669;11;86;377;0,95;63,35;35,7
1/6/2020;1084;28;510;574;212;872;0;933;58;93;10;0;1;9;676;7;87;398;0,92;62,36;36,72
2/6/2020;1105;21;521;584;217;888;0;951;59;95;10;0;1;9;682;6;88;413;0,9;61,72;37,38
3/6/2020;1157;52;542;615;244;913;0;989;60;108;10;0;1;9;685;3;89;462;0,86;59,2;39,93
4/6/2020;1194;37;561;633;254;940;0;1017;60;117;10;0;1;9;687;2;90;497;0,84;57,54;41,62
5/6/2020;1228;34;576;652;260;968;0;1039;62;127;10;0;1;9;695;8;91;523;0,81;56,6;42,59
6/6/2020;1263;35;592;671;272;991;0;1072;62;129;10;0;1;9;701;6;92;552;0,79;55,5;43,71
7/6/2020;1318;55;613;705;297;1021;0;1120;64;134;10;0;1;9;704;3;93;604;0,76;53,41;45,83
8/6/2020;1342;24;628;714;301;1041;0;1137;66;139;10;0;1;9;712;8;94;620;0,75;53,06;46,2
9/6/2020;1375;33;643;732;309;1066;0;1159;67;149;11;1;2;9;717;5;95;647;0,8;52,15;47,05
10/6/2020;1461;86;678;783;349;1112;0;1228;69;164;12;1;3;9;722;5;96;727;0,82;49,42;49,76
11/6/2020;1538;77;710;828;388;1150;0;1287;72;179;12;0;3;9;722;0;97;804;0,78;46,94;52,28
12/6/2020;1612;74;744;868;410;1202;0;1340;89;183;12;0;3;9;731;9;98;869;0,74;45,35;53,91
13/6/2020;1662;50;762;900;415;1247;0;1374;90;198;12;0;3;9;743;12;99;907;0,72;44,71;54,57
14/6/2020;1715;53;787;928;437;1278;0;1407;90;218;12;0;3;9;752;9;100;951;0,7;43,85;55,45
15/6/2020;1744;29;800;944;447;1297;0;1428;91;225;12;0;3;9;771;19;101;961;0,69;44,21;55,1
16/6/2020;1796;52;818;978;459;1337;0;1460;91;245;12;0;3;9;794;23;102;990;0,67;44,21;55,12
17/6/2020;1871;75;838;1033;486;1385;0;1523;93;255;12;0;3;9;899;105;103;960;0,64;48,05;51,31
18/6/2020;1939;68;864;1075;504;1435;0;1578;97;264;12;0;3;9;937;38;104;990;0,62;48,32;51,06
19/6/2020;2058;119;915;1143;521;1489;48;1678;97;283;12;0;3;9;982;45;105;1064;0,58;47,72;51,7
20/6/2020;2127;69;944;1183;574;1553;0;1734;100;293;12;0;3;9;1014;32;106;1101;0,56;47,67;51,76
21/6/2020;2213;86;979;1234;599;1614;0;1792;103;318;12;0;3;9;1032;18;107;1169;0,54;46,63;52,82
22/6/2020;2277;64;1006;1271;617;1660;0;1839;108;330;12;0;3;9;1043;11;108;1222;0,53;45,81;53,67
23/6/2020;2368;91;1049;1319;652;1716;2;1911;110;347;12;0;3;9;1129;86;109;1227;0,51;47,68;51,82
24/6/2020;2515;147;1123;1392;693;1822;0;1959;114;371;12;0;3;9;1210;81;110;1293;0,48;48,11;51,41
25/6/2020;2684;169;1201;1483;716;1968;0;2077;122;414;12;0;3;9;1227;17;111;1445;0,45;45,72;53,84
26/6/2020;2836;152;1253;1583;763;2073;0;2186;136;438;12;0;3;9;1280;53;112;1544;0,42;45,13;54,44
27/6/2020;2979;143;1313;1666;793;2182;4;2326;140;442;13;1;4;9;1325;45;113;1641;0,44;44,48;55,09
28/6/2020;3130;151;1371;1759;850;2280;0;2428;150;471;15;2;6;9;1366;41;114;1749;0,48;43,64;55,88
29/6/2020;3269;139;1425;1844;899;2370;0;2546;159;481;15;0;6;9;1394;28;115;1860;0,46;42,64;56,9
30/6/2020;3459;190;1503;1956;966;2493;0;2697;167;512;16;1;7;9;1436;42;116;2007;0,46;41,51;58,02
1/7/2020;3753;294;1624;2129;1085;2668;0;2942;182;540;16;0;7;9;1516;80;117;2221;0,43;40,39;59,18
2/7/2020;4023;270;1721;2302;1175;2848;0;3162;191;580;17;1;8;9;1589;73;118;2417;0,42;39,5;60,08
3/7/2020;4311;288;1846;2465;1250;3061;0;3398;207;616;18;1;9;9;1657;68;119;2636;0,42;38,44;61,15
4/7/2020;4621;310;1946;2675;1346;3275;0;3652;220;662;18;0;9;9;1721;64;120;2882;0,39;37,24;62,37
5/7/2020;4996;375;2116;2880;1453;3543;0;3946;233;730;19;1;9;10;1745;24;121;3232;0,38;34,93;64,69
6/7/2020;5241;245;2230;3011;1536;3705;0;4142;245;765;23;4;10;13;1766;21;122;3452;0,44;33,7;65,87
7/7/2020;5486;245;2339;3147;1603;3883;0;4351;262;784;23;0;10;13;1810;44;123;3653;0,42;32,99;66,59
8/7/2020;5836;350;2476;3360;1706;4130;0;4661;276;807;24;1;10;14;1929;119;124;3883;0,41;33,05;66,54
9/7/2020;6485;649;2769;3716;1888;4597;0;5214;306;873;25;1;10;15;2023;94;125;4437;0,39;31,2;68,42
10/7/2020;6845;360;2936;3909;1982;4863;0;5522;319;917;26;1;11;15;2110;87;126;4709;0,38;30,83;68,79
11/7/2020;7231;386;3105;4126;2122;5109;0;5846;342;953;28;2;12;16;2220;110;127;4983;0,39;30,7;68,91
12/7/2020;7596;365;3273;4323;2243;5353;0;6153;359;995;30;2;12;18;2239;19;128;5327;0,39;29,48;70,13
13/7/2020;8036;440;3458;4578;2370;5666;0;6522;391;1033;31;1;12;19;2304;65;129;5701;0,39;28,67;70,94
14/7/2020;8482;446;3661;4821;2517;5965;0;6882;427;1080;36;5;15;21;2441;137;130;6005;0,42;28,78;70,8
15/7/2020;8986;504;3886;5100;2661;6325;0;7290;447;1155;40;4;16;24;2551;110;131;6395;0,45;28,39;71,17
16/7/2020;9546;560;4126;5420;2796;6750;0;7766;483;1200;42;2;17;25;2673;122;132;6831;0,44;28;71,56
17/7/2020;9969;423;4324;5643;2920;7049;0;8111;512;1246;47;5;19;28;2818;145;133;7104;0,47;28,27;71,26
18/7/2020;10551;582;4606;5945;3075;7476;0;8583;551;1315;54;7;22;32;2902;84;134;7595;0,51;27,5;71,98
19/7/2020;11114;563;4856;6258;3210;7904;0;9041;590;1377;62;8;25;37;2966;64;135;8086;0,56;26,69;72,76
20/7/2020;11534;420;5060;6474;3346;8188;0;9382;628;1417;66;4;26;40;3019;53;136;8449;0,57;26,17;73,25
21/7/2020;11811;277;5194;6617;3411;8400;0;9615;646;1442;68;2;26;42;3194;175;137;8549;0,58;27,04;72,38
22/7/2020;12361;550;5471;6890;3549;8812;0;10066;690;1496;71;3;27;44;3322;128;138;8968;0,57;26,87;72,55
23/7/2020;13129;768;5875;7254;3747;9382;0;10694;742;1581;80;9;27;53;3448;126;139;9601;0,61;26,26;73,13
24/7/2020;13669;540;6142;7527;3891;9778;0;11144;789;1623;87;7;30;57;3505;57;140;10077;0,64;25,64;73,72
25/7/2020;14600;931;6594;8006;4134;10466;0;11890;856;1738;98;11;35;63;3640;135;141;10862;0,67;24,93;74,4
26/7/2020;15229;629;6913;8316;4316;10913;0;12400;914;1794;104;6;38;66;3736;96;142;11389;0,68;24,53;74,78
27/7/2020;15841;612;7219;8622;4464;11377;0;12905;959;1856;115;11;42;73;3824;88;143;11902;0,73;24,14;75,13
28/7/2020;16344;503;7458;8886;4561;11783;0;13325;985;1907;125;10;47;78;3920;96;144;12299;0,76;23,98;75,25
29/7/2020;16800;456;7665;9135;4664;12136;0;13689;1039;1940;133;8;50;83;4050;130;145;12617;0,79;24,11;75,1
30/7/2020;17290;490;7871;9419;4795;12495;0;14121;1070;1964;140;7;53;87;4280;230;146;12870;0,81;24,75;74,44
31/7/2020;17820;530;8106;9714;4921;12899;0;14608;1105;1989;150;10;56;94;4404;124;147;13266;0,84;24,71;74,44
1/8/2020;18187;367;8268;9919;5021;13166;0;14940;1128;2001;154;4;57;97;4531;127;148;13502;0,85;24,91;74,24
2/8/2020;19015;828;8673;10342;5209;13806;0;15644;1182;2069;162;8;58;104;4585;54;149;14268;0,85;24,11;75,04
3/8/2020;19464;449;8872;10592;5285;14179;0;16011;1219;2113;171;9;63;108;4689;104;150;14604;0,88;24,09;75,03
4/8/2020;20005;541;9129;10876;5400;14605;0;16464;1262;2158;181;10;66;115;6590;1901;151;13234;0,9;32,94;66,15
5/8/2020;20683;678;9430;11253;5572;15111;0;17073;1303;2185;191;10;71;120;6851;261;152;13641;0,92;33,12;65,95
6/8/2020;21445;762;9792;11653;5748;15697;0;17749;1354;2220;200;9;74;126;7038;187;153;14207;0,93;32,82;66,25
7/8/2020;22081;636;10112;11969;5876;16205;0;18289;1405;2263;218;18;82;136;7266;228;154;14597;0,99;32,91;66,11
8/8/2020;22802;721;10447;12355;6036;16766;0;18902;1448;2326;228;10;85;143;7589;323;155;14985;1;33,28;65,72
9/8/2020;23286;484;10670;12616;6151;17135;0;19318;1493;2348;235;7;86;149;7730;141;156;15321;1,01;33,2;65,79
10/8/2020;23872;586;10943;12929;6286;17586;0;19821;1528;2387;244;9;88;156;7823;93;157;15805;1,02;32,77;66,21
11/8/2020;24624;752;11301;13323;6422;18202;32;20462;1573;2439;255;11;92;163;7971;148;158;16398;1,04;32,37;66,59
12/8/2020;25303;679;11623;13680;6599;18704;0;21048;1611;2494;263;8;96;167;8189;218;159;16851;1,04;32,36;66,6
13/8/2020;26129;826;12024;14105;6786;19343;0;21759;1663;2544;272;9;99;173;8412;223;160;17445;1,04;32,19;66,76
14/8/2020;26931;802;12416;14515;6967;19964;0;22459;1704;2604;281;9;102;179;8785;373;161;17865;1,04;32,62;66,34
15/8/2020;27737;806;12800;14937;7151;20586;0;23147;1759;2660;291;10;108;183;9010;225;162;18436;1,05;32,48;66,47
16/8/2020;28465;728;13136;15329;7292;21173;0;23783;1805;2706;294;3;109;185;9062;52;163;19109;1,03;31,84;67,13
17/8/2020;29084;619;13420;15664;7416;21668;0;24317;1850;2745;304;10;113;191;9233;171;164;19547;1,05;31,75;67,21
18/8/2020;29643;559;13681;15962;7476;22167;0;24826;1878;2784;314;10;117;197;9462;229;165;19867;1,06;31,92;67,02
19/8/2020;30409;766;14054;16355;7645;22764;0;25489;1925;2838;321;7;121;200;9660;198;166;20428;1,06;31,77;67,18
20/8/2020;31075;666;14382;16693;7764;23311;0;26053;1966;2896;333;12;125;208;9939;279;167;20803;1,07;31,98;66,94
21/8/2020;32134;1059;14909;17225;7972;24162;0;26990;2015;2969;340;7;127;213;10159;220;168;21635;1,06;31,61;67,33
22/8/2020;33084;950;15345;17739;8157;24927;0;27816;2063;3044;348;8;129;219;10372;213;169;22364;1,05;31,35;67,6
23/8/2020;33820;736;15699;18121;8291;25529;0;28463;2119;3076;355;7;133;222;10518;146;170;22947;1,05;31,1;67,85
24/8/2020;34463;643;15988;18475;8393;26070;0;29010;2162;3129;362;7;137;225;12758;2240;171;21343;1,05;37,02;61,93
25/8/2020;35305;842;16411;18894;8511;26794;0;29705;2213;3224;376;14;144;232;13073;315;172;21856;1,07;37,03;61,91
26/8/2020;36307;1002;16878;19429;8683;27624;0;30566;2300;3273;386;10;149;237;13317;244;173;22604;1,06;36,68;62,26
27/8/2020;37292;985;17383;19909;8889;28403;0;31408;2357;3359;397;11;153;244;14471;1154;174;22424;1,06;38,8;60,13
28/8/2020;38485;1193;17962;20523;9051;29434;0;32427;2430;3459;407;10;158;249;14664;193;175;23414;1,06;38,1;60,84
29/8/2020;39699;1214;18546;21153;9249;30450;0;33445;2516;3568;418;11;160;258;15737;1073;176;23544;1,05;39,64;59,31
30/8/2020;40546;847;18947;21599;9391;31155;0;34161;2583;3627;429;11;166;263;15970;233;177;24147;1,06;39,39;59,55
31/8/2020;41287;741;19274;22013;9491;31796;0;34768;2663;3676;436;7;169;267;16056;86;178;24795;1,06;38,89;60,06
1/9/2020;42184;897;19705;22479;9610;32574;0;35522;2722;3757;443;7;172;271;16270;214;179;25471;1,05;38,57;60,38
2/9/2020;43305;1121;20273;23032;9785;33520;0;36505;2783;3837;453;10;174;279;16512;242;180;26340;1,05;38,13;60,82
3/9/2020;44458;1153;20851;23607;9966;34492;0;37500;2838;3936;460;7;176;284;17855;1343;181;26143;1,03;40,16;58,8
4/9/2020;45680;1222;21451;24229;10135;35545;0;38580;2931;4036;469;9;177;292;18053;198;182;27158;1,03;39,52;59,45
5/9/2020;46920;1240;22063;24857;10323;36597;0;39646;3014;4127;478;9;179;299;18211;158;183;28231;1,02;38,81;60,17
6/9/2020;47947;1027;22581;25366;10449;37498;0;40570;3068;4196;491;13;185;306;18445;234;184;29011;1,02;38,47;60,51
7/9/2020;48780;833;22990;25790;10554;38226;0;41305;3126;4233;510;19;195;315;19083;638;185;29187;1,05;39,12;59,83
8/9/2020;49897;1117;23523;26374;10722;39175;0;42245;3194;4341;531;21;202;329;19285;202;186;30081;1,06;38,65;60,29
9/9/2020;51224;1327;24173;27051;10894;40330;0;43366;3287;4455;543;12;205;338;19544;259;187;31137;1,06;38,15;60,79
10/9/2020;52549;1325;24827;27722;11066;41483;0;44504;3390;4538;567;24;214;353;20322;778;188;31660;1,08;38,67;60,25
11/9/2020;53969;1420;25506;28463;11275;42694;0;45744;3475;4636;583;16;221;362;20710;388;189;32676;1,08;38,37;60,55
12/9/2020;55454;1485;26236;29218;11474;43980;0;47038;3549;4753;590;7;224;366;20928;218;190;33936;1,06;37,74;61,2
13/9/2020;56424;970;26714;29710;11607;44817;0;47879;3624;4798;605;15;229;376;21069;141;191;34750;1,07;37,34;61,59
14/9/2020;57361;937;27172;30189;11704;45657;0;48667;3704;4864;621;16;233;388;21206;137;192;35534;1,08;36,97;61,95
15/9/2020;58138;777;27555;30583;11786;46352;0;49340;3760;4909;633;12;240;393;21536;330;193;35969;1,09;37,04;61,87
16/9/2020;59516;1378;28264;31252;11938;47578;0;50524;3867;4996;649;16;246;403;21752;216;194;37115;1,09;36,55;62,36
17/9/2020;60818;1302;28907;31911;12029;48789;0;51636;3947;5106;666;17;253;413;22662;910;195;37490;1,1;37,26;61,64
18/9/2020;62374;1556;29647;32727;12233;50141;0;52963;4046;5236;686;20;263;423;23168;506;196;38520;1,1;37,14;61,76
19/9/2020;63712;1338;30299;33413;12404;51308;0;54066;4162;5352;706;20;270;436;23552;384;197;39454;1,11;36,97;61,93
20/9/2020;64899;1187;30840;34059;12555;52344;0;55102;4261;5422;727;21;277;450;23842;290;198;40330;1,12;36,74;62,14
21/9/2020;65602;703;31146;34456;12644;52958;0;55696;4327;5459;745;18;283;462;25127;1285;199;39730;1,14;38,3;60,56
22/9/2020;66689;1087;31688;35001;12777;53912;0;56616;4412;5541;760;15;290;470;25706;579;200;40223;1,14;38,55;60,31
23/9/2020;68059;1370;32346;35713;12918;55141;0;57781;4504;5662;781;21;300;481;26136;430;201;41142;1,15;38,4;60,45
24/9/2020;69459;1400;33052;36407;13078;56381;0;58953;4605;5788;795;14;307;488;26554;418;202;42110;1,14;38,23;60,63
25/9/2020;70816;1357;33694;37122;13270;57546;0;60075;4734;5891;812;17;315;497;27023;469;203;42981;1,15;38,16;60,69
26/9/2020;72049;1233;34311;37738;13429;58620;0;61144;4804;5985;828;16;323;505;27760;737;204;43461;1,15;38,53;60,32
27/9/2020;72984;935;34762;38222;13526;59458;0;61926;4896;6044;847;19;332;515;28582;822;205;43555;1,16;39,16;59,68
28/9/2020;73714;730;35121;38593;13598;60116;0;62560;4955;6080;861;14;336;525;29420;838;206;43433;1,17;39,91;58,92
29/9/2020;74604;890;35567;39037;13685;60919;0;63331;5003;6151;880;19;341;539;30703;1283;207;43021;1,18;41,15;57,67
30/9/2020;75760;1156;36139;39621;13822;61938;0;64338;5065;6242;904;24;346;558;37841;7138;208;37015;1,19;49,95;48,86
1/10/2020;76828;1068;36678;40150;13944;62884;0;65218;5133;6359;917;13;350;567;39843;2002;209;36068;1,19;51,86;46,95
2/10/2020;77829;1001;37170;40659;14047;63782;0;66056;5212;6444;930;13;354;576;42621;2778;210;34278;1,19;54,76;44,04
3/10/2020;79182;1353;37880;41302;14192;64990;0;67211;5314;6540;950;20;361;589;45007;2386;211;33225;1,2;56,84;41,96
4/10/2020;80407;1225;38503;41904;14321;66086;0;68270;5413;6607;971;21;369;602;47549;2542;212;31887;1,21;59,14;39,66
5/10/2020;81129;722;38843;42286;14393;66736;0;68909;5461;6640;987;16;374;613;49703;2154;213;30439;1,22;61,26;37,52
6/10/2020;82142;1013;39333;42809;14390;67752;0;69791;5530;6734;1004;17;381;623;50020;317;214;31118;1,22;60,89;37,88
7/10/2020;83497;1355;40005;43492;14624;68873;0;70945;5634;6832;1024;20;387;637;50295;275;215;32178;1,23;60,24;38,54
8/10/2020;84828;1331;40690;44138;14735;70093;0;72050;5741;6952;1040;16;392;648;51782;1487;216;32006;1,23;61,04;37,73
9/10/2020;86053;1225;41298;44755;14846;71207;0;73081;5830;7057;1055;15;396;659;52327;545;217;32671;1,23;60,81;37,97
10/10/2020;87439;1386;42025;45414;14982;72457;0;74247;5925;7180;1076;21;401;675;52669;342;218;33694;1,23;60,24;38,53
11/10/2020;88490;1051;42547;45943;15087;73403;0;75144;5994;7264;1090;14;405;685;53083;414;219;34317;1,23;59,99;38,78
12/10/2020;89223;733;42892;46331;15154;74069;0;75766;6054;7317;1108;18;411;697;53247;164;220;34868;1,24;59,68;39,08
13/10/2020;90238;1015;43383;46855;15245;74993;0;76624;6114;7414;1124;16;419;705;53670;423;221;35444;1,25;59,48;39,28
14/10/2020;91780;1542;44137;47643;15407;76373;0;77942;6219;7533;1134;10;423;711;54155;485;222;36491;1,24;59,01;39,76
15/10/2020;93152;1372;44811;48341;15554;77598;0;79114;6311;7642;1159;25;437;722;57731;3576;223;34262;1,24;61,98;36,78
16/10/2020;94348;1196;45383;48965;15669;78679;0;80113;6402;7748;1168;9;441;727;58269;538;224;34911;1,24;61,76;37
17/10/2020;95514;1166;45975;49539;15794;79720;0;81084;6493;7852;1183;15;447;736;58816;547;225;35515;1,24;61,58;37,18
18/10/2020;96443;929;46407;50036;15882;80561;0;81855;6582;7921;1194;11;452;742;59049;233;226;36200;1,24;61,23;37,54
19/10/2020;97075;632;46665;50410;16048;81027;0;82393;6627;7969;1204;10;458;746;59580;531;2267;36291;1,24;61,38;37,38
20/10/2020;97922;847;47071;50851;16127;81795;0;83076;6690;8070;1222;18;465;757;60109;529;228;36591;1,25;61,38;37,37
21/10/2020;99425;1503;47811;51614;16285;83140;0;84349;6782;8206;1236;14;473;763;60738;629;229;37451;1,24;61,09;37,67
22/10/2020;100616;1191;48437;52179;16394;84222;0;85338;6882;8308;1251;15;477;774;61162;424;230;38203;1,24;60,79;37,97
23/10/2020;101826;1210;49019;52807;16515;85311;0;86332;6967;8437;1265;14;482;783;61662;500;231;38899;1,24;60,56;38,2
24/10/2020;103088;1262;49641;53447;16632;86456;0;87410;7054;8534;1282;17;486;796;62037;375;232;39769;1,24;60,18;38,58
25/10/2020;103949;861;50062;53887;16719;87230;0;88145;7116;8598;1298;16;495;803;62222;185;233;40429;1,25;59,86;38,89
26/10/2020;104460;511;50327;54133;16760;87700;0;88565;7164;8639;1312;14;499;813;63709;1487;234;39439;1,26;60,99;37,76
27/10/2020;105322;862;50776;54546;16837;88485;0;89314;7223;8694;1329;17;509;820;64406;697;235;39587;1,26;61,15;37,59
28/10/2020;106553;1231;51382;55171;16963;89590;0;90346;7313;8801;1340;11;515;825;64996;590;236;40217;1,26;61;37,74
29/10/2020;107570;1017;51906;55664;17082;90488;0;91186;7386;8899;1357;17;522;835;65666;670;237;40547;1,26;61,04;37,69
30/10/2020;108866;1296;52549;56317;17209;91657;0;92281;7473;9012;1371;14;523;848;66202;536;238;41293;1,26;60,81;37,93
31/10/2020;109971;1105;53087;56884;17321;92650;0;93186;7558;9131;1385;14;525;860;66719;517;239;41867;1,26;60,67;38,07
1/11/2020;110717;746;53444;57273;17403;93314;0;93803;7621;9192;1396;11;531;865;66937;218;240;42384;1,26;60,46;38,28
2/11/2020;111257;540;53716;57541;17459;93798;0;94256;7666;9234;1404;8;535;869;68129;1192;241;41724;1,26;61,24;37,5
3/11/2020;112120;863;54129;57991;17553;94567;0;94991;7725;9303;1419;15;540;879;68604;475;242;42097;1,27;61,19;37,55
4/11/2020;113261;1141;54691;58570;17680;95581;0;95986;7791;9383;1431;12;545;886;69143;539;243;42687;1,26;61,05;37,69
5/11/2020;114367;1106;55224;59143;17792;96575;0;96919;7865;9480;1444;13;550;894;70002;859;244;42921;1,26;61,21;37,53
6/11/2020;115417;1050;55762;59655;17892;97525;0;97779;7947;9594;1453;9;553;900;70421;419;245;43543;1,26;61,01;37,73
7/11/2020;116363;946;56257;60106;17986;98377;0;98577;8017;9672;1464;11;557;907;71119;698;246;43780;1,26;61,12;37,62
8/11/2020;117099;736;56626;60473;18068;99031;0;99219;8067;9715;1476;12;562;914;71201;82;247;44422;1,26;60,8;37,94
9/11/2020;117587;488;56873;60714;18118;99469;0;99645;8106;9738;1491;15;566;925;72249;1048;248;43847;1,27;61,44;37,29
10/11/2020;118566;979;57390;61176;18214;100352;0;100467;8172;9829;1502;11;568;934;72941;692;249;44123;1,27;61,52;37,21
11/11/2020;119768;1202;57979;61789;18291;101477;0;101506;8253;9912;1513;11;573;940;73509;568;250;44746;1,26;61,38;37,36
12/11/2020;120939;1171;58549;62390;18385;102554;0;102495;8329;10018;1527;14;577;950;74255;746;251;45157;1,26;61,4;37,34
13/11/2020;122123;1184;59143;62980;18474;103649;0;103482;8413;10130;1537;10;579;958;74868;613;252;45718;1,26;61,31;37,44
14/11/2020;123223;1100;59691;63532;18565;104658;0;104390;8497;10238;1546;9;585;961;75341;473;253;46336;1,25;61,14;37,6
15/11/2020;123949;726;60029;63920;18620;105329;0;105030;8550;10271;1555;9;587;968;75691;350;255;46703;1,25;61,07;37,68
16/11/2020;124592;643;60325;64267;18681;105911;0;105596;8598;10299;1566;11;593;973;77164;1473;254;45862;1,26;61,93;36,81
17/11/2020;125590;998;60815;64775;18744;106846;0;106384;8684;10423;1578;12;597;981;77558;394;256;46454;1,26;61,75;36,99
18/11/2020;127012;1422;61512;65500;18844;108168;0;107571;8784;10558;1588;10;602;986;78238;680;257;47186;1,25;61,6;37,15
19/11/2020;128231;1219;62130;66101;18929;109302;0;108597;8878;10657;1599;11;607;992;78851;613;258;47781;1,25;61,49;37,26
20/11/2020;129418;1187;62733;66685;19013;110405;0;109598;8958;10763;1608;9;613;995;79372;521;259;48438;1,24;61,33;37,43
21/11/2020;130722;1304;63387;67335;19109;111613;0;110699;9046;10878;1624;16;620;1004;80272;900;260;48826;1,24;61,41;37,35
22/11/2020;131677;955;63879;67798;19169;112508;0;111494;9129;10955;1634;10;626;1008;80349;77;261;49694;1,24;61,02;37,74
23/11/2020;132295;618;64194;68101;19217;113078;0;112020;9174;11002;1641;7;628;1013;81336;987;262;49318;1,24;61,48;37,28
24/11/2020;133190;895;64650;68540;19295;113895;0;112763;9240;11088;1662;21;632;1030;81973;637;263;49555;1,25;61,55;37,21
25/11/2020;134520;1330;65308;69212;19425;115095;0;113900;9333;11187;1674;12;634;1040;82611;638;264;50235;1,24;61,41;37,34
26/11/2020;135742;1222;65918;69824;19526;116216;0;114913;9436;11293;1679;5;637;1042;83273;662;265;50790;1,24;61,35;37,42
27/11/2020;137093;1351;66588;70505;19611;117482;0;115995;9571;11427;1690;11;641;1049;84991;1718;266;50412;1,23;62;36,77
28/11/2020;138248;1155;67203;71045;19705;118543;0;116971;9665;11512;1700;10;643;1057;85489;498;267;51059;1,23;61,84;36,93
29/11/2020;139099;851;67676;71423;19762;119337;0;117701;9737;11561;1715;15;648;1067;85639;150;268;51745;1,23;61,57;37,2
30/11/2020;139638;539;67937;71701;19806;119832;0;118145;9797;11596;1726;11;651;1075;87526;1887;269;50386;1,24;62,68;36,08
1/12/2020;140172;534;68208;71964;19851;120321;0;118582;9860;11630;1731;5;653;1078;87721;195;270;50720;1,23;62,58;36,18
2/12/2020;141340;1168;68814;72526;19913;121427;0;119572;9946;11722;1739;8;655;1084;88226;505;271;51375;1,23;62,42;36,35
3/12/2020;142505;1165;69415;73090;20006;122499;0;120548;10051;11806;1757;18;664;1093;91424;3198;272;49324;1,23;64,15;34,61
4/12/2020;143685;1180;70002;73683;20086;123599;0;121546;10134;11905;1773;16;666;1107;95789;4365;273;46123;1,23;66,67;32,1
5/12/2020;144891;1206;70601;74290;20187;124704;0;122562;10241;11988;1793;20;675;1118;98610;2821;274;44488;1,24;68,06;30,7
6/12/2020;145845;954;71094;74751;20257;125588;0;123350;10346;12049;1810;17;681;1129;100920;2310;275;43115;1,24;69,2;29,56
7/12/2020;146421;576;71383;75038;20291;126130;0;123820;10417;12084;1825;15;686;1139;102855;1935;276;41741;1,25;70,25;28,51
8/12/2020;147430;1009;71888;75542;20366;127064;0;124395;10474;12062;1846;21;696;1150;105686;2831;277;39898;1,25;71,69;27,06
9/12/2020;148688;1258;72502;76186;20470;128218;0;125761;10575;12252;1864;18;701;1163;107624;1938;278;39200;1,25;72,38;26,36
10/12/2020;149815;1127;73077;76738;20571;129244;0;126703;10666;12346;1882;18;708;1174;109855;2231;279;38078;1,26;73,33;25,42
11/12/2020;150947;1132;73665;77282;20677;130270;0;127653;10755;12439;1895;13;714;1181;112622;2767;280;36430;1,26;74,61;24,13
12/12/2020;152096;1149;74219;77877;20778;131318;0;128627;10845;12523;1913;18;722;1191;114781;2159;281;35402;1,26;75,47;23,28
13/12/2020;152620;524;74479;78141;20811;131809;0;129050;10908;12561;1921;8;725;1196;116755;1974;282;33944;1,26;76,5;22,24
14/12/2020;153169;549;74752;78417;20842;132327;0;129503;10961;12603;1936;15;728;1208;118511;1756;283;32722;1,26;77,37;21,36
15/12/2020;154096;927;75208;78888;20907;133189;0;130298;11025;12671;1956;20;734;1222;121031;2520;284;31109;1,27;78,54;20,19
16/12/2020;155263;1167;75814;79449;20994;134269;0;131278;11127;12754;1967;11;738;1229;122947;1916;285;30349;1,27;79,19;19,55
17/12/2020;156388;1125;76397;79991;21074;135314;0;132202;11226;12856;1980;13;746;1234;124907;1960;286;29501;1,27;79,87;18,86
18/12/2020;157472;1084;76905;80567;21156;136316;0;133096;11331;12940;1996;16;754;1242;125488;581;287;29988;1,27;79,69;19,04
19/12/2020;158491;1019;77413;81078;21217;137274;0;133966;11409;13013;2011;15;759;1252;125795;307;288;30685;1,27;79,37;19,36
20/12/2020;159258;767;77792;81466;21284;137974;0;134610;11481;13064;2023;12;761;1262;126171;376;289;31064;1,27;79,22;19,51
21/12/2020;159893;635;78108;81785;21321;138572;0;135143;11537;13110;2037;14;766;1271;126777;606;290;31079;1,27;79,29;19,44
22/12/2020;160804;911;78584;82220;21404;139400;0;135896;11614;13191;2051;14;770;1281;127618;841;291;31135;1,28;79,36;19,36
23/12/2020;161942;1138;79161;82781;21494;140448;0;136836;11726;13277;2065;14;778;1287;128216;598;292;31661;1,28;79,17;19,55
24/12/2020;162990;1048;79696;83294;21573;141417;0;137710;11829;13348;2086;21;786;1300;128842;626;293;32062;1,28;79,05;19,67
25/12/2020;164062;1072;80247;83815;21634;142428;0;138610;11921;13428;2103;17;795;1308;129110;268;294;32849;1,28;78,7;20,02
26/12/2020;164607;545;80513;84094;21675;142932;0;139068;11982;13455;2117;14;798;1319;129216;106;295;33274;1,29;78,5;20,21
27/12/2020;165204;597;80809;84395;21726;143478;0;139580;12030;13492;2134;17;805;1329;129281;65;296;33789;1,29;78,26;20,45
28/12/2020;165762;558;81083;84679;21759;144003;0;140059;12085;13516;2144;10;810;1334;130289;1008;297;33329;1,29;78,6;20,11
29/12/2020;166799;1037;81620;85179;21824;144975;0;140938;12156;13588;2156;12;815;1341;130989;700;298;33654;1,29;78,53;20,18
30/12/2020;168114;1315;82295;85819;21924;146190;0;142034;12285;13678;2171;15;821;1350;131507;518;299;34436;1,29;78,22;20,48
31/12/2020;169321;1207;82952;86369;22006;147315;0;143079;12382;13742;2185;14;823;1362;131923;416;300;35213;1,29;77,91;20,8
1/1/2021;170591;1270;83554;87037;22100;148491;0;144081;12501;13891;2193;8;826;1367;132482;559;301;35916;1,29;77,66;21,05
2/1/2021;171130;539;83833;87297;22138;148992;0;144529;12557;13926;2205;12;833;1372;132563;81;302;36362;1,29;77,46;21,25
3/1/2021;171719;589;84130;87589;22179;149540;0;145000;12627;13971;2218;13;837;1381;132743;180;303;36758;1,29;77,3;21,41
4/1/2021;172436;717;84493;87943;22217;150219;0;145601;12691;14021;2229;11;839;1390;132916;173;304;37291;1,29;77,08;21,63
5/1/2021;173591;1155;85068;88523;22304;151287;0;146572;12796;14101;2248;19;844;1404;133607;691;305;37736;1,29;76,97;21,74
6/1/2021;175038;1447;85869;89169;22398;152640;0;147796;12899;14220;2267;19;852;1415;134911;1304;306;37860;1,3;77,08;21,63
7/1/2021;176407;1369;86569;89838;22507;153900;0;148951;12992;14341;2286;19;860;1426;135475;564;307;38646;1,3;76,8;21,91
8/1/2021;177614;1207;87191;90423;22589;155025;0;149936;13079;14475;2305;19;867;1438;136083;608;308;39226;1,3;76,62;22,08
9/1/2021;178649;1035;87729;90920;22682;155967;0;150793;13180;14554;2322;17;872;1450;136922;839;309;39405;1,3;76,64;22,06
10/1/2021;179405;756;88136;91269;22757;156648;0;151420;13256;14605;2338;16;876;1462;137141;219;310;39926;1,3;76,44;22,25
11/1/2021;180061;656;88495;91566;22827;157234;0;151965;13314;14658;2353;15;883;1470;138631;1490;311;39077;1,31;76,99;21,7
12/1/2021;181093;1032;89040;92053;22899;158194;0;152823;13389;14758;2367;14;891;1476;139297;666;312;39429;1,31;76,92;21,77
13/1/2021;182156;1063;89534;92622;22980;159176;0;153727;13469;14845;2384;17;895;1489;139967;670;313;39805;1,31;76,84;21,85
14/1/2021;183242;1086;90092;93150;23052;160190;0;154639;13556;14930;2401;17;901;1500;140573;606;314;40268;1,31;76,71;21,98
15/1/2021;184187;945;90597;93590;23117;161070;0;155415;13650;15005;2416;15;907;1509;141374;801;315;40397;1,31;76,76;21,93
16/1/2021;185145;958;91083;94062;23200;161945;0;156230;13724;15074;2433;17;915;1518;142017;643;316;40695;1,31;76,71;21,98
17/1/2021;185653;508;91340;94313;23250;162403;0;156661;13769;15102;2449;16;919;1530;142106;89;317;41098;1,32;76,54;22,14
18/1/2021;186016;363;91517;94499;23289;162727;0;156936;13828;15132;2458;9;924;1534;142245;139;318;41313;1,32;76,47;22,21
19/1/2021;186877;861;91912;94965;23353;163524;0;157632;13898;15226;2477;19;932;1545;144030;1785;319;40370;1,33;77,07;21,6
20/1/2021;187712;835;92345;95367;23417;164295;0;158338;13947;15306;2492;15;940;1552;144877;847;320;40343;1,33;77,18;21,49
21/1/2021;188477;765;92722;95755;23486;164991;0;158966;14008;15382;2506;14;947;1559;145724;847;321;40247;1,33;77,32;21,35
22/1/2021;189308;831;93159;96149;23556;165752;0;159643;14092;15452;2518;12;949;1569;146448;724;322;40342;1,33;77,36;21,31
23/1/2021;189959;651;93492;96467;23615;166344;0;160176;14144;15518;2532;14;956;1576;147373;925;323;40054;1,33;77,58;21,09
24/1/2021;190390;431;93695;96695;23650;166740;0;160523;14193;15553;2543;11;959;1584;148115;742;324;39732;1,34;77,8;20,87
25/1/2021;190745;355;93873;96872;23693;167052;0;160798;14228;15598;2558;15;966;1592;149149;1034;325;39038;1,34;78,19;20,47
26/1/2021;191345;600;94170;97175;23744;167601;0;161298;14280;15646;2567;9;970;1597;149808;659;326;38970;1,34;78,29;20,37
27/1/2021;192066;721;94539;97527;23813;168253;0;161898;14346;15701;2584;17;974;1610;150748;940;327;38734;1,35;78,49;20,17
28/1/2021;192637;571;94845;97792;23862;168775;0;162370;14392;15754;2599;15;980;1619;151382;634;328;38656;1,35;78,58;20,07
29/1/2021;193276;639;95173;98103;23931;169345;0;162887;14453;15814;2604;5;981;1623;151952;570;329;38720;1,347296095;78,61917672;20,03352718
30/1/2021;193844;568;95447;98397;23994;169850;0;163332;14517;15873;2612;8;982;1630;152539;587;330;38693;1,347475289;78,69162832;19,96089639
31/1/2021;194280;436;95669;98611;24052;170228;0;163710;14556;15908;2627;15;988;1639;152619;80;331;39034;1,352172123;78,55620754;20,09162034
1/2/2021;194569;289;95811;98758;24099;170470;0;163945;14589;15929;2634;7;991;1643;153063;444;332;38872;1,353761391;78,66772199;19,97851662
2/2/2021;195009;440;96038;98971;24145;170864;0;164323;14618;15962;2641;7;993;1648;154227;1164;333;38141;1,354296468;79,08711906;19,55858448
3/2/2021;195537;528;96302;99235;24179;171358;0;164768;14664;15999;2650;9;995;1655;155045;818;334;37842;1,35524223;79,29189872;19,35285905
4/2/2021;195992;455;96526;99466;24237;171755;0;165146;14703;16037;2662;12;1003;1659;155581;536;335;37749;1,358218703;79,38130128;19,26048002
5/2/2021;196438;446;96747;99691;24280;172158;0;165513;14745;16074;2672;10;1005;1667;156181;600;336;37585;1,360225618;79,50651096;19,13326342
6/2/2021;196944;506;97016;99928;24345;172599;0;165929;14794;16115;2680;8;1008;1672;157740;1559;337;36524;1,360792916;80,09383378;18,5453733
7/2/2021;197225;281;97142;100083;24385;172840;0;166156;14818;16145;2687;7;1010;1677;157996;256;338;36542;1,362403346;80,10951958;18,52807707
8/2/2021;197435;210;97243;100192;24407;173028;0;166327;14847;16155;2692;5;1012;1680;158283;287;339;36460;1,363486717;80,1696761;18,46683719
9/2/2021;197852;417;97446;100406;24461;173391;0;166666;14882;16199;2698;6;1016;1682;158820;537;340;36334;1,363645553;80,2721226;18,36423185
10/2/2021;198338;486;97707;100631;24511;173827;0;167075;14922;16236;2701;3;1016;1685;159586;766;341;36051;1,361816697;80,4616362;18,17654711
11/2/2021;198756;418;97925;100831;24560;174196;0;167416;14960;16275;2710;9;1020;1690;160462;876;342;35584;1,363480851;80,73316026;17,90335889
12/2/2021;199187;431;98129;101058;24631;174556;0;167761;15004;16317;2714;4;1022;1692;160946;484;343;35527;1,36253872;80,80145793;17,83600335
13/2/2021;199577;390;98314;101263;24673;174904;0;168062;15048;16362;2719;5;1023;1696;161230;284;344;35628;1,362381437;80,7858621;17,85175646
14/2/2021;199842;265;98460;101382;24714;175128;0;168278;15080;16379;2723;4;1024;1699;162352;1122;345;34767;1,362576435;81,24017974;17,39724382
15/2/2021;200024;182;98562;101462;24736;175288;0;168412;15112;16395;2730;7;1025;1705;163334;982;346;33960;1,36483622;81,65720114;16,97796264
16/2/2021;200454;430;98775;101679;24789;175665;0;168755;15145;16449;2737;7;1027;1710;165439;2105;347;32278;1,365400541;82,53215201;16,10244744
17/2/2021;200888;434;98981;101907;24827;176061;0;169113;15180;16490;2745;8;1030;1715;166979;1540;348;31164;1,366433037;83,12044522;15,51312174
18/2/2021;201241;353;99148;102093;24862;176379;0;169399;15210;16527;2756;11;1032;1724;168307;1328;349;30178;1,369502239;83,63454763;14,99595013
19/2/2021;201678;437;99368;102310;24884;176794;0;169735;15252;16586;2763;7;1035;1728;169053;746;350;29862;1,370005653;83,82322316;14,80677119
20/2/2021;202227;549;99657;102570;24965;177262;0;170183;15302;16637;2771;8;1037;1734;170613;1560;351;28843;1,370242351;84,36707265;14,262685
21/2/2021;202466;239;99781;102685;24996;177470;0;170386;15320;16655;2777;6;1039;1738;171776;1163;352;27913;1,371588316;84,84189938;13,7865123
22/2/2021;202674;208;99885;102789;25015;177659;0;170550;15343;16676;2782;5;1039;1743;172280;504;353;27612;1,3726477;85,00350316;13,62384914
23/2/2021;203097;423;100113;102984;25072;178025;0;170884;15379;16729;2785;3;1040;1745;173591;1311;354;26721;1,371265947;85,4719666;13,15676746
24/2/2021;203496;399;100313;103183;25121;178375;0;171214;15408;16769;2793;8;1041;1752;174096;505;355;26607;1,372508551;85,55254157;13,07494988
25/2/2021;203914;418;100518;103396;25167;178747;0;171540;15442;16827;2796;3;1042;1754;175883;1787;356;25235;1,371166276;86,25351864;12,37531508
26/2/2021;204341;427;100725;103616;25215;179126;0;171875;15478;16883;2800;4;1045;1755;177099;1216;357;24442;1,370258538;86,66836318;11,96137828
27/2/2021;204706;365;100911;103795;25270;179436;0;172167;15504;16930;2803;3;1046;1757;178845;1746;358;23058;1,369280822;87,36676013;11,26395904
28/2/2021;204906;200;101015;103891;25290;179616;0;172331;15523;16947;2806;3;1047;1759;179992;1147;359;22108;1,369408412;87,84125404;10,78933755
1/3/2021;205086;180;101107;103979;25313;179773;0;172479;15545;16957;2812;6;1049;1763;181851;1859;360;20423;1,37113211;88,67060648;9,958261412
2/3/2021;205514;428;101333;104181;25365;180149;0;172832;15575;17002;2820;8;1052;1768;183911;2060;361;18783;1,372169293;89,48830737;9,139523341
3/3/2021;205890;376;101520;104370;25416;180474;0;173153;15602;17030;2824;4;1054;1770;185045;1134;362;18021;1,371606197;89,87566176;8,752732041
4/3/2021;206293;403;101708;104585;25464;180829;0;173481;15643;17064;2829;5;1055;1774;186093;1048;363;17371;1,371350458;90,20810207;8,420547474
5/3/2021;206640;347;101876;104764;25500;181140;0;173781;15671;17083;2833;4;1057;1776;187484;1391;364;16323;1,370983353;90,72977158;7,899245064
6/3/2021;207056;416;102100;104956;25545;181511;0;174114;15704;17133;2835;2;1057;1778;187813;329;365;16408;1,369194807;90,70637895;7,924426242
7/3/2021;207272;216;102223;105049;25574;181698;0;174287;15728;17152;2838;3;1058;1780;187869;56;366;16565;1,369215331;90,63887066;7,991914007
8/3/2021;207460;188;102314;105146;25611;181849;0;174439;15749;17167;2841;3;1059;1782;187975;106;267;16644;1,369420611;90,60782802;8,022751374
9/3/2021;207832;372;102500;105332;25650;182182;0;174740;15779;17208;2848;7;1063;1785;188151;176;268;16833;1,37033758;90,53033219;8,099330228
10/3/2021;208244;412;102700;105544;25695;182549;0;175084;15807;17248;2852;4;1065;1787;188211;60;369;17181;1,369547262;90,38003496;8,250417779
11/3/2021;208717;473;102960;105757;25752;182965;0;175449;15850;17313;2859;7;1070;1789;188741;530;370;17117;1,369797381;90,42914569;8,201056934
12/3/2021;209093;376;103141;105952;25791;183302;0;175742;15877;17369;2862;3;1071;1791;188967;226;371;17264;1,368768921;90,37461799;8,256613086
13/3/2021;209573;480;103385;106188;25857;183716;0;176130;15915;17422;2867;5;1072;1795;189286;319;372;17420;1,368019735;90,31984082;8,312139445
14/3/2021;209840;267;103518;106322;25897;183943;0;176346;15942;17446;2875;8;1074;1801;189370;84;373;17595;1,370091498;90,24494853;8,38495997
15/3/2021;210016;176;103607;106409;25911;184105;0;176484;15965;17462;2881;6;1078;1803;189480;110;374;17655;1,371800244;90,22169739;8,406502362
16/3/2021;210447;431;103835;106612;25962;184485;0;176827;16000;17515;2886;5;1079;1807;189682;202;375;17879;1,371366662;90,13290757;8,495725765
17/3/2021;210948;501;104078;106870;26015;184933;0;177245;16032;17566;2891;5;1082;1809;189904;222;376;18153;1,370479929;90,02408176;8,605438307
18/3/2021;211433;485;104330;107103;26061;185372;0;177623;16080;17626;2894;3;1080;1814;190039;135;377;18500;1,368755114;89,88142816;8,749816727
19/3/2021;211903;470;104575;107328;26121;185782;0;178002;16108;17689;2896;2;1082;1814;190236;197;378;18771;1,366663049;89,77503858;8,858298372
20/3/2021;212390;487;104800;107590;26192;186198;0;178385;16151;17750;2897;1;1082;1815;190434;198;379;19059;1,364000188;89,66241348;8,973586327
21/3/2021;212670;280;104949;107721;26231;186439;0;178610;16179;17775;2900;3;1083;1817;190489;55;380;19281;1,36361499;89,57022617;9,066158838
22/3/2021;212925;255;105058;107867;26271;186654;0;178831;16199;17789;2904;4;1084;1820;190726;237;381;19295;1,363860514;89,57426324;9,061876248
23/3/2021;213438;513;105321;108117;26316;187122;0;179243;16247;17842;2908;4;1084;1824;190950;224;382;19580;1,362456545;89,46391926;9,173624191
24/3/2021;213999;561;105608;108391;26374;187625;0;179717;16280;17896;2914;6;1087;1827;191179;229;383;19906;1,361688606;89,33639877;9,301912626
25/3/2021;214608;609;105900;108708;26434;188174;0;180194;16334;17974;2923;9;1092;1821;191448;269;384;20237;1,362018191;89,20823082;9,429750988
26/3/2021;215178;570;106181;108997;26507;188671;0;180671;16371;18029;2931;8;1094;1837;191707;259;385;20540;1,362128099;89,09228639;9,545585515
27/3/2021;215706;528;106456;109250;26553;189153;0;181128;16393;18078;2936;5;1098;1838;191922;215;386;20848;1,361111884;88,97388112;9,665007
28/3/2021;216010;304;106599;109411;26603;189407;0;181392;16414;18097;2942;6;1102;1840;191996;74;387;21072;1,361973983;88,88292209;9,75510393
29/3/2021;216268;258;106722;109546;26630;189638;0;181607;16439;18115;2949;7;1104;1845;192394;398;388;20925;1,363585921;88,96091886;9,675495219
30/3/2021;216764;496;106971;109793;26709;190055;0;182022;16475;18160;2957;8;1105;1852;192699;305;389;21108;1,36415641;88,89806425;9,737779336
31/3/2021;217346;582;107267;110079;26775;190571;0;182517;16512;18210;2965;8;1108;1857;192951;252;390;21430;1,364184296;88,77596091;9,859854794
1/4/2021;217884;538;107548;110336;26843;191041;0;182929;16569;18279;2970;5;1108;1862;193140;189;391;21774;1,363110646;88,64349838;9,993390979
2/4/2021;218156;272;107681;110475;26891;191265;0;183158;16596;18295;2974;4;1109;1865;193256;116;392;21926;1,363244651;88,58614936;10,05060599
3/4/2021;218449;293;107831;110618;26948;191501;0;183403;16619;18320;2981;7;1112;1869;193543;287;393;21925;1,364620575;88,59871183;10,0366676
4/4/2021;218808;359;108012;110796;27003;191805;0;183707;16646;18348;2983;2;1113;1870;193573;30;394;22252;1,363295675;88,46705788;10,16964645
5/4/2021;219162;354;108184;110978;27058;192104;0;184016;16673;18366;2992;9;1119;1873;193644;71;395;22526;1,365200172;88,35655816;10,27824167
6/4/2021;219846;684;108541;111305;27121;192725;0;184587;16727;18425;3000;8;1124;1876;193857;213;396;22989;1,364591578;88,17854316;10,45686526
7/4/2021;220753;907;108998;111755;27203;193550;0;185335;16791;18520;3004;4;1126;1878;194256;399;397;23493;1,360796909;87,99699211;10,64221098
8/4/2021;221630;877;109479;112151;27297;194333;0;186060;16849;18614;3011;7;1129;1882;194509;253;398;24110;1,358570591;87,76293823;10,87849118
9/4/2021;222544;914;110037;112507;27391;195153;0;186828;16903;18706;3018;7;1131;1887;194760;251;399;24766;1,356136315;87,51527788;11,12858581
10/4/2021;223435;891;110498;112937;27477;195958;0;187557;16963;18807;3024;6;1134;1890;195311;551;400;25100;1,353413744;87,41289413;11,23369213
11/4/2021;223917;482;110748;113169;27535;196382;0;187974;16997;18838;3030;6;1135;1895;195645;334;401;25242;1,353179973;87,373893;11,27292702
12/4/2021;224386;469;110990;113396;27582;196804;0;188367;17037;18874;3036;6;1137;1899;195665;20;402;25685;1,35302559;87,20018183;11,44679258
13/4/2021;225343;957;111505;113838;27676;197667;0;189162;17092;18980;3044;8;1139;1905;196060;395;403;26239;1,350829624;87,00514327;11,64402711
14/4/2021;226412;1069;112086;114326;27782;198630;0;190067;17147;19089;3054;10;1143;1911;196574;514;404;26784;1,348868435;86,82136989;11,82976167
15/4/2021;227533;1121;112698;114835;27888;199645;0;190998;17231;19193;3065;11;1146;1919;196752;178;405;27716;1,34705735;86,47185243;12,18109022
16/4/2021;228577;1044;113244;115333;28000;200577;0;191887;17292;19284;3071;6;1148;1923;196974;222;406;28532;1,343529751;86,17402451;12,48244574
17/4/2021;229637;1060;113804;115833;28092;201545;0;192784;17356;19383;3084;13;1157;1927;197339;365;407;29214;1,342989152;85,93519337;12,72181748
18/4/2021;230301;664;114128;116173;28161;202140;0;193365;17395;19427;3091;7;1160;1931;197506;167;408;29704;1,342156569;85,75994025;12,89790318
19/4/2021;230837;536;114407;116430;28217;202620;0;193840;17436;19447;3099;8;1166;1933;197842;336;409;29896;1,342505751;85,70636423;12,95113002
20/4/2021;231967;1130;114977;116990;28324;203643;0;194798;17503;19550;3104;5;1168;1936;199166;1324;410;29697;1,338121371;85,85962658;12,80225204
21/4/2021;233498;1531;115744;117754;28434;205064;0;196094;17590;19699;3115;11;1175;1940;199379;213;411;31004;1,334058536;85,38788341;13,27805806
22/4/2021;235274;1776;116686;118588;28578;206696;0;197627;17692;19840;3125;10;1179;1946;199779;400;412;32370;1,328238564;84,91333509;13,75842635
23/4/2021;236930;1656;117556;119374;28694;208236;0;199045;17782;19990;3136;11;1183;1953;199982;203;413;33812;1,328238564;84,91333509;13,75842635
24/4/2021;238760;1830;118485;120275;28878;209882;0;200616;17883;20148;3143;7;1187;1956;200408;426;414;35209;1,316384654;83,93700787;14,74660747
25/4/2021;240037;1277;119134;120903;28996;211041;0;201748;17944;20232;3158;15;1194;1964;200721;313;415;36158;1,315630507;83,62085845;15,06351104
26/4/2021;241240;1203;119752;121488;29107;212133;0;202793;18022;20312;3168;10;1196;1972;201264;543;416;36808;1,313215056;83,42895042;15,25783452
27/4/2021;243167;1927;120742;122425;29244;213923;0;204497;18099;20458;3186;18;1204;1982;201784;520;417;38197;1,310210678;82,98165458;15,70813474
28/4/2021;245601;2434;121966;123635;29443;216158;0;206645;18208;20635;3202;16;1210;1992;202215;431;418;40184;1,30374062;82,33476248;16,3614969
29/4/2021;248382;2781;123434;124948;29645;218737;0;209096;18309;20864;3217;15;1217;2000;202593;378;419;42572;1,295182421;81,56508926;17,13972832
30/4/2021;250991;2609;124731;126260;29858;221133;0;211383;18425;21070;3231;14;1222;2009;203009;416;420;44751;1,287297154;80,88297987;17,82972298
1/5/2021;252982;1991;125743;127239;30001;222981;0;213094;18521;21254;3254;23;1229;2025;203523;514;421;46205;1,28625752;80,4495972;18,26414528
2/5/2021;254821;1839;126662;128159;30153;224668;0;214732;18603;21371;3266;12;1233;2033;204460;937;422;47095;1,281684006;80,23671518;18,48160081
3/5/2021;256676;1855;127605;129071;30292;226384;0;216392;18684;21485;3290;24;1243;2047;205467;1007;423;47919;1,281771572;80,04916704;18,66906138
4/5/2021;257980;1304;128291;129689;30387;227593;0;217559;18745;21561;3310;20;1253;2057;206319;852;424;48351;1,283045197;79,97480425;18,74215055
